Anagura Works,やまかみ,シャラート,Sharāt,avtr_578c28f7-793d-41ad-b79e-0e6963519625
Anagura Works,やまかみ,YORU CAT,YORU CAT,avtr_9402b794-3c25-44e7-9d1d-42cdb4e64664
Anagura Works,やまかみ,キプルー,KIPULUU,avtr_f30ebc28-b07f-4e55-8237-6f5a9494bdc6
Anagura Works,やまかみ,リフォス,RIFOS,avtr_8d72924f-fbce-453e-aed6-337ceab94f5b
Anagura Works,やまかみ,ぼんじり,Bonjiri,avtr_406cff20-fe0f-4e52-aa84-01dfafad9f6b
GMF Works,独吐ドクヲ,ヴォルファ,Volfur,avtr_04f4a184-bc62-4e2a-8bd9-683e4ec99a0e
GMF Works,独吐ドクヲ,エテル,Eter,avtr_15dc5ab0-ddd2-4b6a-9174-f7bafcd9679b
GMF Works,独吐ドクヲ,ニョロイタチ,NyoroItachi,avtr_0f931d13-8587-45e5-ab7f-1f5d2c59d7e6
ことりの巣箱,ことり,仔ヴォルファ,kovolfur,avtr_c405baf5-656c-4b49-8aaf-48aa691490cc
すこどーじ,すこどーじ,精霊ニャンクル,Nyancle,avtr_6e895195-f042-40df-a54d-07b486a4abea
バウワウナード,すこどーじ,アンシアグリフォネット,Uncia Gryphonet,avtr_78e1fe50-8d1e-4c30-ae6a-a5a45aa994b7
バウワウナード,すこどーじ,ちびとら(白),Chibi tora,avtr_b2c91288-852e-456a-91c5-e5493aa7fa42
バウワウナード,すこどーじ,ちびとら(金),Chibi tora gold,avtr_d817008e-96d8-431a-a624-aaf882b9da84
黒鳥ケモノ工房,黒鳥,トラマサ,Toramasa,avtr_fde854c2-d604-48b6-9b45-a80f746dc211
黒鳥ケモノ工房,黒鳥,もふろうさん,Mofuro,avtr_e77a17a8-5387-462a-abed-05a2b8d9e8ff
黒鳥ケモノ工房,黒鳥,ヴァルカン,Vulkan,avtr_8e294ee5-0e18-43c8-ab18-4658ee607c35
黒鳥ケモノ工房,黒鳥,トウガ,Toga,avtr_01b45889-01f2-4eb6-b6ee-18c958dd2832
黒鳥ケモノ工房,黒鳥,虎二,Toraji,avtr_4f2f24c7-1a13-404e-80d0-bab974bad5c1
Kemonap,うりいぬ,シバロロ,Shibaroro,avtr_906a847e-9875-4b67-b194-10216bab897b
Kemonap,うりいぬ,ロップちゃん,Lop Fox2022,avtr_01332d21-5c07-4b26-9b48-a48171a0e702
MOKURI project,,ズィーフー,XIEFU,avtr_a0b68957-c00b-4550-8026-2619ebdbc4a0
MOKURI project,,レッサーモクリ,LESSER MOKURI,avtr_d970f224-2772-4bcc-b865-bcb7a653904d
MOKURI project,,ホチュミ,HOCHUMI,avtr_46a65292-68f0-44c5-aa13-e023d5a3c00b
MOKURI project,,ミミノミ,MIMINOMI,avtr_3919ef40-66ac-48a1-8450-41c27aa19279
MOKURI project,,ジャノーン,JANORNE,avtr_1b96de3d-3e69-4816-8931-6abb6eead52c
ライフワンダーズ,,ホロケウカムイ,Horkeukamui,avtr_d14e615b-9326-45a6-9e7c-dcef9260673d
ライフワンダーズ,,モリタカ,Moritaka,avtr_9e7f45b3-0dc8-4d06-bfc7-87500763c7cd
ライフワンダーズ,,カーシー,Cusith,avtr_11cb048d-784d-42b6-b914-c1d6886c0b2a
ライフワンダーズ,,清涼のバレル,"Cool Gunfighter" Barrel,avtr_b40e945e-66e4-4739-a923-a023f4974d33
VR JMoF Project,,JDoGくん,JDoG-kun,avtr_db1de911-12d7-4f6a-9722-ebecc16f564e
碧野屋,碧野,NEWエリヤ,NEWeriya,avtr_f952a4e8-e023-469c-b1de-1c61ffe2025b
碧野屋,碧野,シャナ,syana,avtr_01ad1b3b-0b57-437d-9b30-93a5b14805ee
碧野屋,碧野,フリュール,furyulu,avtr_b8afdb88-5918-495f-ba14-aca06e718991
碧野屋,碧野,NEWリージ,NEWriiiji,avtr_f6239b13-c780-49fc-9446-222f3f015658
碧野屋,碧野,とりどら,toridra,avtr_88aa501f-23e7-47fb-bf31-181b5a55dd51
座鳥こけら,座鳥こけら,アルティール,Altile,avtr_8f8fdb49-d291-443c-b8b7-26c2c770031e
座鳥こけら,座鳥こけら,虚無フォン,Empty Griffin,avtr_f20dc3ba-49fe-4199-971d-28c01a8f92d2
座鳥こけら,座鳥こけら,ノプカ,Nopca,avtr_cc10244e-621b-4096-84f1-3423c160462e
座鳥こけら,座鳥こけら,カピス,Capis,avtr_2062b633-8623-4461-93b5-cd2c26a09c5e
座鳥こけら,座鳥こけら,ムヴィー,Mvy,avtr_b6efdde2-b168-4ff6-9e51-66df1d9adb40
ココナッツショップ,狐乃実,Alia,Alia,avtr_ffe8aedd-55b4-4c68-aa5d-6cf927631d4a
ココナッツショップ,狐乃実,Hana,Hana,avtr_52213316-e822-4ba3-9405-32bf46a2ebe0
ココナッツショップ,狐乃実,雷華,raika,avtr_f501b136-3133-4722-9a6f-a84c06f71e5c
Fluffy’s Cafe けだまびより,かほ,リナ,Lina,avtr_df06a35d-abdb-40b8-810c-8abd7105c0d2
Fluffy’s Cafe けだまびより,かほ,リオ,Lio,avtr_38b8f02b-c9f3-4697-9084-1d9ad4ea09c1
呂久屋,ロクロ,プテリクシス,Pteryxis,avtr_a9badfaa-b40e-441f-9859-e34b191a6e15
呂久屋,ロクロ,善蔵,Zenzo,avtr_38b23c30-6934-4885-ad66-a460525b0fce
呂久屋,ロクロ,ケモノスプリント　完全四足歩行パック,KemonoSprint FullyQuadrupedal,avtr_49fd2b8a-b73b-4236-a2b7-4f671de3853f
呂久屋,ロクロ,ケモノスプリント　前進スプリントパック,KemonoSprint SprintOnly,avtr_be8e6508-dfeb-4271-9784-dbf0e6f16471
キティガ mizuwonome,,もぶらび,mobrab,avtr_cc3e7a66-f2d5-42e2-a9a8-d35d1e073ca4
みけじん,みけじん,リベオスくん,LIBEOS,avtr_fd4ecade-1c69-4b22-8698-91d425adbb32
みけじん,みけじん,アクセルくん,AXEL,avtr_f3c42920-12d9-4827-93ff-48976e688c67
みけじん,みけじん,インクトゥトゥム,Inktutum,avtr_8f76acfc-36ec-4c1a-96c9-993e0f2d7701
みけじん,みけじん,ガロ,GARO,avtr_9fad4214-60a4-4e87-8022-31d049335360
みけじん,みけじん,イリヤ,Illya,avtr_45a5429f-10bd-42db-ade7-de97bfc7f38d
らすちんワークス,らすちん,ルル少年期,Lulu.juvenileVer,avtr_2af79f26-a9ae-4bd2-bd81-f9eb6b51f7ff
らすちんワークス,らすちん,メビ,Mebi,avtr_82870a4c-c03b-419c-a3b0-657706474587
らすちんワークス,らすちん,フラット,Flat,avtr_a0e95ba0-531f-4aea-b67d-798c25b24eb1
らすちんワークス,らすちん,ぽてち,Poteti,avtr_7ce92937-5910-49c8-946d-1b05c40dbd62
らすちんワークス,らすちん,ノルデ,Nordé,avtr_c0fa4ebd-9d81-40a4-bb52-f5c5eaf3a272
Tacka,Tacka,ガレアス,Ghaleas,avtr_ee5a38dd-38fe-4f5a-93ce-bbe5dbf9a518
くっく,くっく,サメジロ,samejiro,avtr_816a3637-3d2b-4667-8682-5c5eb7936d5f
九十九喜常,九十九喜常,ネジ,Nezi,avtr_79bde7fb-dbf6-41f1-8a54-cc34fddac01a
九十九喜常,九十九喜常,マキ,Maki,avtr_ab172e31-d1c9-4a83-aa23-211c185cc952
九十九喜常,九十九喜常,スーフ,Souf,avtr_cc26b82c-e6ba-4fc9-9c70-4a21e7683099
九十九喜常,九十九喜常,チャチャ,Chacha,avtr_a01fdcf4-41cd-42df-aeeb-72fb2e182f0e
九十九喜常,九十九喜常,テプト,Tepto,avtr_7a8fb808-8aa0-4d7d-9b82-179693441704